"line number","contest name","choice name","party name","total votes","percent of votes","registered voters","ballots cast","num Area total","num Area rptg","over votes","under votes"
1,"United States Senator (Vote For 1)","Chuck Grassley","REP",0,0.00,241075,0,99,0,"0","0"
2,"United States Senator (Vote For 1)","Michael Franken","DEM",0,0.00,241075,0,99,0,"0","0"
3,"United States Senator (Vote For 1)","Write-in","",0,0.00,241075,0,99,0,"0","0"
4,"United States Representative District 1 (Vote For 1)","Mariannette Miller-Meeks","REP",0,0.00,38735,0,20,0,"0","0"
5,"United States Representative District 1 (Vote For 1)","Christina Bohannan","DEM",0,0.00,38735,0,20,0,"0","0"
6,"United States Representative District 1 (Vote For 1)","Write-in","",0,0.00,38735,0,20,0,"0","0"
7,"United States Representative District 2 (Vote For 1)","Ashley Hinson","REP",0,0.00,186262,0,22,0,"0","0"
8,"United States Representative District 2 (Vote For 1)","Liz Mathis","DEM",0,0.00,186262,0,22,0,"0","0"
9,"United States Representative District 2 (Vote For 1)","Write-in","",0,0.00,186262,0,22,0,"0","0"
10,"United States Representative District 3 (Vote For 1)","Zach Nunn","REP",0,0.00,7420,0,21,0,"0","0"
11,"United States Representative District 3 (Vote For 1)","Cindy Axne","DEM",0,0.00,7420,0,21,0,"0","0"
12,"United States Representative District 3 (Vote For 1)","Write-in","",0,0.00,7420,0,21,0,"0","0"
13,"United States Representative District 4 (Vote For 1)","Randy Feenstra","REP",0,0.00,8658,0,36,0,"0","0"
14,"United States Representative District 4 (Vote For 1)","Ryan Melton","DEM",0,0.00,8658,0,36,0,"0","0"
15,"United States Representative District 4 (Vote For 1)","Bryan Jack Holder","LBC",0,0.00,8658,0,36,0,"0","0"
16,"United States Representative District 4 (Vote For 1)","Write-in","",0,0.00,8658,0,36,0,"0","0"
17,"Governor and Lt. Governor (Vote For 1)","Kim Reynolds and Adam Gregg","REP",0,0.00,241075,0,99,0,"0","0"
18,"Governor and Lt. Governor (Vote For 1)","Deidre DeJear and Eric Van Lancker","DEM",0,0.00,241075,0,99,0,"0","0"
19,"Governor and Lt. Governor (Vote For 1)","Rick Stewart and Marco Battaglia","LIB",0,0.00,241075,0,99,0,"0","0"
20,"Governor and Lt. Governor (Vote For 1)","Write-in","",0,0.00,241075,0,99,0,"0","0"
21,"Secretary of State (Vote For 1)","Paul D. Pate","REP",0,0.00,241075,0,99,0,"0","0"
22,"Secretary of State (Vote For 1)","Joel Miller","DEM",0,0.00,241075,0,99,0,"0","0"
23,"Secretary of State (Vote For 1)","Write-in","",0,0.00,241075,0,99,0,"0","0"
24,"Auditor of State (Vote For 1)","Todd Halbur","REP",0,0.00,241075,0,99,0,"0","0"
25,"Auditor of State (Vote For 1)","Rob Sand","DEM",0,0.00,241075,0,99,0,"0","0"
26,"Auditor of State (Vote For 1)","Write-in","",0,0.00,241075,0,99,0,"0","0"
27,"Treasurer of State (Vote For 1)","Roby Smith","REP",0,0.00,241075,0,99,0,"0","0"
28,"Treasurer of State (Vote For 1)","Michael L. Fitzgerald","DEM",0,0.00,241075,0,99,0,"0","0"
29,"Treasurer of State (Vote For 1)","Write-in","",0,0.00,241075,0,99,0,"0","0"
30,"Secretary of Agriculture (Vote For 1)","Mike Naig","REP",0,0.00,241075,0,99,0,"0","0"
31,"Secretary of Agriculture (Vote For 1)","John Norwood","DEM",0,0.00,241075,0,99,0,"0","0"
32,"Secretary of Agriculture (Vote For 1)","Write-in","",0,0.00,241075,0,99,0,"0","0"
33,"Attorney General (Vote For 1)","Brenna Bird","REP",0,0.00,241075,0,99,0,"0","0"
34,"Attorney General (Vote For 1)","Tom Miller","DEM",0,0.00,241075,0,99,0,"0","0"
35,"Attorney General (Vote For 1)","Write-in","",0,0.00,241075,0,99,0,"0","0"
36,"State Senator District 1 (Vote For 1)","Rocky De Witt","REP",0,0.00,0,0,1,0,"0","0"
37,"State Senator District 1 (Vote For 1)","Jackie Smith","DEM",0,0.00,0,0,1,0,"0","0"
38,"State Senator District 1 (Vote For 1)","Write-in","",0,0.00,0,0,1,0,"0","0"
39,"State Senator District 3 (Vote For 1)","Lynn Evans","REP",0,0.00,0,0,5,0,"0","0"
40,"State Senator District 3 (Vote For 1)","Write-in","",0,0.00,0,0,5,0,"0","0"
41,"State Senator District 4 (Vote For 1)","Tim Kraayenbrink","REP",0,0.00,0,0,4,0,"0","0"
42,"State Senator District 4 (Vote For 1)","Write-in","",0,0.00,0,0,4,0,"0","0"
43,"State Senator District 5 (Vote For 1)","Dave Rowley","REP",0,0.00,0,0,6,0,"0","0"
44,"State Senator District 5 (Vote For 1)","Write-in","",0,0.00,0,0,6,0,"0","0"
45,"State Senator District 6 (Vote For 1)","Jason Schultz","REP",0,0.00,0,0,6,0,"0","0"
46,"State Senator District 6 (Vote For 1)","David M. Davis","LIB",0,0.00,0,0,6,0,"0","0"
47,"State Senator District 6 (Vote For 1)","Write-in","",0,0.00,0,0,6,0,"0","0"
48,"State Senator District 7 (Vote For 1)","Kevin Alons","REP",0,0.00,0,0,4,0,"0","0"
49,"State Senator District 7 (Vote For 1)","Write-in","",0,0.00,0,0,4,0,"0","0"
50,"State Senator District 9 (Vote For 1)","Tom Shipley","REP",0,0.00,7420,0,7,0,"0","0"
51,"State Senator District 9 (Vote For 1)","Tripp Narup","DEM",0,0.00,7420,0,7,0,"0","0"
52,"State Senator District 9 (Vote For 1)","Write-in","",0,0.00,7420,0,7,0,"0","0"
53,"State Senator District 11 (Vote For 1)","Julian B. Garrett","REP",0,0.00,38735,0,2,0,"0","0"
54,"State Senator District 11 (Vote For 1)","Lisa Fleishman","DEM",0,0.00,38735,0,2,0,"0","0"
55,"State Senator District 11 (Vote For 1)","Write-in","",0,0.00,38735,0,2,0,"0","0"
56,"State Senator District 13 (Vote For 1)","Cherielynn Westrich","REP",0,0.00,0,0,4,0,"0","0"
57,"State Senator District 13 (Vote For 1)","Matt Greiner","DEM",0,0.00,0,0,4,0,"0","0"
58,"State Senator District 13 (Vote For 1)","Write-in","",0,0.00,0,0,4,0,"0","0"
59,"State Senator District 14 (Vote For 1)","Jake Chapman","REP",0,0.00,0,0,1,0,"0","0"
60,"State Senator District 14 (Vote For 1)","Sarah Trone Garriott","DEM",0,0.00,0,0,1,0,"0","0"
61,"State Senator District 14 (Vote For 1)","Write-in","",0,0.00,0,0,1,0,"0","0"
62,"State Senator District 15 (Vote For 1)","Tony Bisignano","DEM",0,0.00,0,0,1,0,"0","0"
63,"State Senator District 15 (Vote For 1)","Write-in","",0,0.00,0,0,1,0,"0","0"
64,"State Senator District 16 (Vote For 1)","Bradley D. Price","REP",0,0.00,0,0,2,0,"0","0"
65,"State Senator District 16 (Vote For 1)","Claire Celsi","DEM",0,0.00,0,0,2,0,"0","0"
66,"State Senator District 16 (Vote For 1)","Write-in","",0,0.00,0,0,2,0,"0","0"
67,"State Senator District 17 (Vote For 1)","Izaah Knox","DEM",0,0.00,0,0,1,0,"0","0"
68,"State Senator District 17 (Vote For 1)","ToyA S. Johnson","LIB",0,0.00,0,0,1,0,"0","0"
69,"State Senator District 17 (Vote For 1)","Alejandro Murguia-Ortiz","",0,0.00,0,0,1,0,"0","0"
70,"State Senator District 17 (Vote For 1)","Write-in","",0,0.00,0,0,1,0,"0","0"
71,"State Senator District 19 (Vote For 1)","Ken Rozenboom","REP",0,0.00,0,0,3,0,"0","0"
72,"State Senator District 19 (Vote For 1)","Tyler Stewart","DEM",0,0.00,0,0,3,0,"0","0"
73,"State Senator District 19 (Vote For 1)","Write-in","",0,0.00,0,0,3,0,"0","0"
74,"State Senator District 21 (Vote For 1)","Mike Bousselot","REP",0,0.00,0,0,1,0,"0","0"
75,"State Senator District 21 (Vote For 1)","Todd Brady","DEM",0,0.00,0,0,1,0,"0","0"
76,"State Senator District 21 (Vote For 1)","Write-in","",0,0.00,0,0,1,0,"0","0"
77,"State Senator District 23 (Vote For 1)","Jack Whitver","REP",0,0.00,0,0,2,0,"0","0"
78,"State Senator District 23 (Vote For 1)","Matt Pries","DEM",0,0.00,0,0,2,0,"0","0"
79,"State Senator District 23 (Vote For 1)","Write-in","",0,0.00,0,0,2,0,"0","0"
80,"State Senator District 25 (Vote For 1)","Herman C. Quirmbach","DEM",0,0.00,0,0,1,0,"0","0"
81,"State Senator District 25 (Vote For 1)","Jordan Taylor","LIB",0,0.00,0,0,1,0,"0","0"
82,"State Senator District 25 (Vote For 1)","Write-in","",0,0.00,0,0,1,0,"0","0"
83,"State Senator District 27 (Vote For 1)","Annette Sweeney","REP",0,0.00,0,0,5,0,"0","0"
84,"State Senator District 27 (Vote For 1)","Sam Cox","DEM",0,0.00,0,0,5,0,"0","0"
85,"State Senator District 27 (Vote For 1)","Write-in","",0,0.00,0,0,5,0,"0","0"
86,"State Senator District 29 (Vote For 1)","Sandy Salmon","REP",0,0.00,0,0,4,0,"0","0"
87,"State Senator District 29 (Vote For 1)","Jenn Wolff","DEM",0,0.00,0,0,4,0,"0","0"
88,"State Senator District 29 (Vote For 1)","Write-in","",0,0.00,0,0,4,0,"0","0"
89,"State Senator District 30 (Vote For 1)","Waylon Brown","REP",0,0.00,0,0,4,0,"0","0"
90,"State Senator District 30 (Vote For 1)","Whitney Mixdorf","DEM",0,0.00,0,0,4,0,"0","0"
91,"State Senator District 30 (Vote For 1)","Write-in","",0,0.00,0,0,4,0,"0","0"
92,"State Senator District 31 (Vote For 1)","Bill Dotzler","DEM",0,0.00,0,0,1,0,"0","0"
93,"State Senator District 31 (Vote For 1)","Write-in","",0,0.00,0,0,1,0,"0","0"
94,"State Senator District 33 (Vote For 1)","Carrie Koelker","REP",0,0.00,0,0,3,0,"0","0"
95,"State Senator District 33 (Vote For 1)","Matt Robinson","DEM",0,0.00,0,0,3,0,"0","0"
96,"State Senator District 33 (Vote For 1)","Write-in","",0,0.00,0,0,3,0,"0","0"
97,"State Senator District 35 (Vote For 1)","Chris Cournoyer","REP",0,0.00,0,0,3,0,"0","0"
98,"State Senator District 35 (Vote For 1)","Jed O.V. Ganzer","DEM",0,0.00,0,0,3,0,"0","0"
99,"State Senator District 35 (Vote For 1)","Write-in","",0,0.00,0,0,3,0,"0","0"
100,"State Senator District 37 (Vote For 1)","Kurt Alan Bendixen","REP",0,0.00,45358,0,1,0,"0","0"
101,"State Senator District 37 (Vote For 1)","Molly Donahue","DEM",0,0.00,45358,0,1,0,"0","0"
102,"State Senator District 37 (Vote For 1)","Write-in","",0,0.00,45358,0,1,0,"0","0"
103,"State Senator District 39 (Vote For 1)","Edward Bernie Hayes","REP",0,0.00,41159,0,1,0,"0","0"
104,"State Senator District 39 (Vote For 1)","Liz Bennett","DEM",0,0.00,41159,0,1,0,"0","0"
105,"State Senator District 39 (Vote For 1)","Write-in","",0,0.00,41159,0,1,0,"0","0"
106,"State Senator District 40 (Vote For 1)","Kris G. Gulick","REP",0,0.00,44792,0,1,0,"0","0"
107,"State Senator District 40 (Vote For 1)","Todd Taylor","DEM",0,0.00,44792,0,1,0,"0","0"
108,"State Senator District 40 (Vote For 1)","Write-in","",0,0.00,44792,0,1,0,"0","0"
109,"State Senator District 41 (Vote For 1)","Kerry Gruenhagen","REP",0,0.00,0,0,3,0,"0","0"
110,"State Senator District 41 (Vote For 1)","Deb VanderGaast","DEM",0,0.00,0,0,3,0,"0","0"
111,"State Senator District 41 (Vote For 1)","Write-in","",0,0.00,0,0,3,0,"0","0"
112,"State Senator District 42 (Vote For 1)","Charlie McClintock","REP",0,0.00,45472,0,2,0,"0","0"
113,"State Senator District 42 (Vote For 1)","Jessica Wiskus","DEM",0,0.00,45472,0,2,0,"0","0"
114,"State Senator District 42 (Vote For 1)","Bruce A. Gardner","",0,0.00,45472,0,2,0,"0","0"
115,"State Senator District 42 (Vote For 1)","Write-in","",0,0.00,45472,0,2,0,"0","0"
116,"State Senator District 43 (Vote For 1)","Zach Wahls","DEM",0,0.00,0,0,1,0,"0","0"
117,"State Senator District 43 (Vote For 1)","Write-in","",0,0.00,0,0,1,0,"0","0"
118,"State Senator District 44 (Vote For 1)","Adrian Dickey","REP",0,0.00,0,0,5,0,"0","0"
119,"State Senator District 44 (Vote For 1)","Rich Taylor","DEM",0,0.00,0,0,5,0,"0","0"
120,"State Senator District 44 (Vote For 1)","Write-in","",0,0.00,0,0,5,0,"0","0"
121,"State Senator District 45 (Vote For 1)","Harold R. Weilbrenner","REP",0,0.00,0,0,1,0,"0","0"
122,"State Senator District 45 (Vote For 1)","Janice Weiner","DEM",0,0.00,0,0,1,0,"0","0"
123,"State Senator District 45 (Vote For 1)","Write-in","",0,0.00,0,0,1,0,"0","0"
124,"State Senator District 46 (Vote For 1)","Dawn Driscoll","REP",0,0.00,0,0,3,0,"0","0"
125,"State Senator District 46 (Vote For 1)","Kevin Kinney","DEM",0,0.00,0,0,3,0,"0","0"
126,"State Senator District 46 (Vote For 1)","Write-in","",0,0.00,0,0,3,0,"0","0"
127,"State Senator District 47 (Vote For 1)","Scott Webster","REP",0,0.00,0,0,1,0,"0","0"
128,"State Senator District 47 (Vote For 1)","Mary Kathleen Figaro","DEM",0,0.00,0,0,1,0,"0","0"
129,"State Senator District 47 (Vote For 1)","Write-in","",0,0.00,0,0,1,0,"0","0"
130,"State Senator District 49 (Vote For 1)","Cindy Winckler","DEM",0,0.00,0,0,1,0,"0","0"
131,"State Senator District 49 (Vote For 1)","Write-in","",0,0.00,0,0,1,0,"0","0"
132,"State Representative District 1 (Vote For 1)","J.D. Scholten","DEM",0,0.00,0,0,1,0,"0","0"
133,"State Representative District 1 (Vote For 1)","Write-in","",0,0.00,0,0,1,0,"0","0"
134,"State Representative District 2 (Vote For 1)","Robert Henderson","REP",0,0.00,0,0,1,0,"0","0"
135,"State Representative District 2 (Vote For 1)","Steve Hansen","DEM",0,0.00,0,0,1,0,"0","0"
136,"State Representative District 2 (Vote For 1)","Write-in","",0,0.00,0,0,1,0,"0","0"
137,"State Representative District 3 (Vote For 1)","Thomas Jeneary","REP",0,0.00,0,0,2,0,"0","0"
138,"State Representative District 3 (Vote For 1)","Write-in","",0,0.00,0,0,2,0,"0","0"
139,"State Representative District 4 (Vote For 1)","Skyler Wheeler","REP",0,0.00,8658,0,2,0,"0","0"
140,"State Representative District 4 (Vote For 1)","Write-in","",0,0.00,8658,0,2,0,"0","0"
141,"State Representative District 5 (Vote For 1)","Zachary M. Dieken","REP",0,0.00,0,0,4,0,"0","0"
142,"State Representative District 5 (Vote For 1)","Write-in","",0,0.00,0,0,4,0,"0","0"
143,"State Representative District 6 (Vote For 1)","Megan Jones","REP",0,0.00,0,0,2,0,"0","0"
144,"State Representative District 6 (Vote For 1)","James Eliason","DEM",0,0.00,0,0,2,0,"0","0"
145,"State Representative District 6 (Vote For 1)","Write-in","",0,0.00,0,0,2,0,"0","0"
146,"State Representative District 7 (Vote For 1)","Mike Sexton","REP",0,0.00,0,0,4,0,"0","0"
147,"State Representative District 7 (Vote For 1)","Write-in","",0,0.00,0,0,4,0,"0","0"
148,"State Representative District 8 (Vote For 1)","Ann Meyer","REP",0,0.00,0,0,1,0,"0","0"
149,"State Representative District 8 (Vote For 1)","Write-in","",0,0.00,0,0,1,0,"0","0"
150,"State Representative District 9 (Vote For 1)","Henry Stone","REP",0,0.00,0,0,3,0,"0","0"
151,"State Representative District 9 (Vote For 1)","Joseph Tillman","DEM",0,0.00,0,0,3,0,"0","0"
152,"State Representative District 9 (Vote For 1)","Write-in","",0,0.00,0,0,3,0,"0","0"
153,"State Representative District 10 (Vote For 1)","John H. Wills","REP",0,0.00,0,0,4,0,"0","0"
154,"State Representative District 10 (Vote For 1)","Dan Wahl","",0,0.00,0,0,4,0,"0","0"
155,"State Representative District 10 (Vote For 1)","Write-in","",0,0.00,0,0,4,0,"0","0"
156,"State Representative District 11 (Vote For 1)","Brian Best","REP",0,0.00,0,0,4,0,"0","0"
157,"State Representative District 11 (Vote For 1)","Write-in","",0,0.00,0,0,4,0,"0","0"
158,"State Representative District 12 (Vote For 1)","Steven Holt","REP",0,0.00,0,0,3,0,"0","0"
159,"State Representative District 12 (Vote For 1)","Write-in","",0,0.00,0,0,3,0,"0","0"
160,"State Representative District 13 (Vote For 1)","Ken E. Carlson","REP",0,0.00,0,0,4,0,"0","0"
161,"State Representative District 13 (Vote For 1)","Amy Janowski","LIB",0,0.00,0,0,4,0,"0","0"
162,"State Representative District 13 (Vote For 1)","Write-in","",0,0.00,0,0,4,0,"0","0"
163,"State Representative District 14 (Vote For 1)","Jacob Bossman","REP",0,0.00,0,0,1,0,"0","0"
164,"State Representative District 14 (Vote For 1)","Write-in","",0,0.00,0,0,1,0,"0","0"
165,"State Representative District 15 (Vote For 1)","Matt W. Windschitl","REP",0,0.00,0,0,2,0,"0","0"
166,"State Representative District 15 (Vote For 1)","Robert Fairchild","LIB",0,0.00,0,0,2,0,"0","0"
167,"State Representative District 15 (Vote For 1)","Write-in","",0,0.00,0,0,2,0,"0","0"
168,"State Representative District 16 (Vote For 1)","David Sieck","REP",0,0.00,0,0,3,0,"0","0"
169,"State Representative District 16 (Vote For 1)","Write-in","",0,0.00,0,0,3,0,"0","0"
170,"State Representative District 17 (Vote For 1)","Devon Wood","REP",0,0.00,0,0,5,0,"0","0"
171,"State Representative District 17 (Vote For 1)","Pat Shipley","DEM",0,0.00,0,0,5,0,"0","0"
172,"State Representative District 17 (Vote For 1)","Write-in","",0,0.00,0,0,5,0,"0","0"
173,"State Representative District 18 (Vote For 1)","Thomas Jay Moore","REP",0,0.00,7420,0,3,0,"0","0"
174,"State Representative District 18 (Vote For 1)","Write-in","",0,0.00,7420,0,3,0,"0","0"
175,"State Representative District 19 (Vote For 1)","Brent Siegrist","REP",0,0.00,0,0,1,0,"0","0"
176,"State Representative District 19 (Vote For 1)","Elizabeth Christensen","DEM",0,0.00,0,0,1,0,"0","0"
177,"State Representative District 19 (Vote For 1)","Write-in","",0,0.00,0,0,1,0,"0","0"
178,"State Representative District 20 (Vote For 1)","Sarah Abdouch","REP",0,0.00,0,0,1,0,"0","0"
179,"State Representative District 20 (Vote For 1)","Josh Turek","DEM",0,0.00,0,0,1,0,"0","0"
180,"State Representative District 20 (Vote For 1)","Write-in","",0,0.00,0,0,1,0,"0","0"
181,"State Representative District 21 (Vote For 1)","Brooke Boden","REP",0,0.00,14765,0,2,0,"0","0"
182,"State Representative District 21 (Vote For 1)","Joe Kerner","DEM",0,0.00,14765,0,2,0,"0","0"
183,"State Representative District 21 (Vote For 1)","Write-in","",0,0.00,14765,0,2,0,"0","0"
184,"State Representative District 22 (Vote For 1)","Stan Gustafson","REP",0,0.00,23970,0,1,0,"0","0"
185,"State Representative District 22 (Vote For 1)","Write-in","",0,0.00,23970,0,1,0,"0","0"
186,"State Representative District 23 (Vote For 1)","Ray Bubba Sorensen","REP",0,0.00,0,0,5,0,"0","0"
187,"State Representative District 23 (Vote For 1)","Write-in","",0,0.00,0,0,5,0,"0","0"
188,"State Representative District 24 (Vote For 1)","Joel Fry","REP",0,0.00,0,0,5,0,"0","0"
189,"State Representative District 24 (Vote For 1)","Write-in","",0,0.00,0,0,5,0,"0","0"
190,"State Representative District 25 (Vote For 1)","Hans C. Wilz","REP",0,0.00,0,0,1,0,"0","0"
191,"State Representative District 25 (Vote For 1)","Diana M. Swartz","DEM",0,0.00,0,0,1,0,"0","0"
192,"State Representative District 25 (Vote For 1)","Write-in","",0,0.00,0,0,1,0,"0","0"
193,"State Representative District 26 (Vote For 1)","Austin Harris","REP",0,0.00,0,0,4,0,"0","0"
194,"State Representative District 26 (Vote For 1)","Write-in","",0,0.00,0,0,4,0,"0","0"
195,"State Representative District 27 (Vote For 1)","Kristen Stiffler","REP",0,0.00,0,0,1,0,"0","0"
196,"State Representative District 27 (Vote For 1)","Kenan Judge","DEM",0,0.00,0,0,1,0,"0","0"
197,"State Representative District 27 (Vote For 1)","Write-in","",0,0.00,0,0,1,0,"0","0"
198,"State Representative District 28 (Vote For 1)","David Young","REP",0,0.00,0,0,1,0,"0","0"
199,"State Representative District 28 (Vote For 1)","Sonya Heitshusen","DEM",0,0.00,0,0,1,0,"0","0"
200,"State Representative District 28 (Vote For 1)","Write-in","",0,0.00,0,0,1,0,"0","0"
201,"State Representative District 29 (Vote For 1)","Brian Meyer","DEM",0,0.00,0,0,1,0,"0","0"
202,"State Representative District 29 (Vote For 1)","Write-in","",0,0.00,0,0,1,0,"0","0"
203,"State Representative District 30 (Vote For 1)","Jerry Cheevers","REP",0,0.00,0,0,1,0,"0","0"
204,"State Representative District 30 (Vote For 1)","Megan L. Srinivas","DEM",0,0.00,0,0,1,0,"0","0"
205,"State Representative District 30 (Vote For 1)","Write-in","",0,0.00,0,0,1,0,"0","0"
206,"State Representative District 31 (Vote For 1)","Justin Pearson","REP",0,0.00,0,0,2,0,"0","0"
207,"State Representative District 31 (Vote For 1)","Mary Madison","DEM",0,0.00,0,0,2,0,"0","0"
208,"State Representative District 31 (Vote For 1)","Write-in","",0,0.00,0,0,2,0,"0","0"
209,"State Representative District 32 (Vote For 1)","Mark Brown","REP",0,0.00,0,0,1,0,"0","0"
210,"State Representative District 32 (Vote For 1)","Jennifer Konfrst","DEM",0,0.00,0,0,1,0,"0","0"
211,"State Representative District 32 (Vote For 1)","Write-in","",0,0.00,0,0,1,0,"0","0"
212,"State Representative District 33 (Vote For 1)","Ruth Ann Gaines","DEM",0,0.00,0,0,1,0,"0","0"
213,"State Representative District 33 (Vote For 1)","Write-in","",0,0.00,0,0,1,0,"0","0"
214,"State Representative District 34 (Vote For 1)","Ako Abdul-Samad","DEM",0,0.00,0,0,1,0,"0","0"
215,"State Representative District 34 (Vote For 1)","R.J. Miller","",0,0.00,0,0,1,0,"0","0"
216,"State Representative District 34 (Vote For 1)","Write-in","",0,0.00,0,0,1,0,"0","0"
217,"State Representative District 35 (Vote For 1)","Sean Bagniewski","DEM",0,0.00,0,0,1,0,"0","0"
218,"State Representative District 35 (Vote For 1)","Dennis McCullough","",0,0.00,0,0,1,0,"0","0"
219,"State Representative District 35 (Vote For 1)","Write-in","",0,0.00,0,0,1,0,"0","0"
220,"State Representative District 36 (Vote For 1)","Austin Baeth","DEM",0,0.00,0,0,1,0,"0","0"
221,"State Representative District 36 (Vote For 1)","Write-in","",0,0.00,0,0,1,0,"0","0"
222,"State Representative District 37 (Vote For 1)","Barb Kniff McCulla","REP",0,0.00,0,0,3,0,"0","0"
223,"State Representative District 37 (Vote For 1)","Mike Overman","DEM",0,0.00,0,0,3,0,"0","0"
224,"State Representative District 37 (Vote For 1)","Write-in","",0,0.00,0,0,3,0,"0","0"
225,"State Representative District 38 (Vote For 1)","Jon Dunwell","REP",0,0.00,0,0,1,0,"0","0"
226,"State Representative District 38 (Vote For 1)","Erick Zehr","DEM",0,0.00,0,0,1,0,"0","0"
227,"State Representative District 38 (Vote For 1)","Michael Wood","LIB",0,0.00,0,0,1,0,"0","0"
228,"State Representative District 38 (Vote For 1)","Write-in","",0,0.00,0,0,1,0,"0","0"
229,"State Representative District 39 (Vote For 1)","Mark Weatherly","REP",0,0.00,0,0,1,0,"0","0"
230,"State Representative District 39 (Vote For 1)","Rick L. Olson","DEM",0,0.00,0,0,1,0,"0","0"
231,"State Representative District 39 (Vote For 1)","Write-in","",0,0.00,0,0,1,0,"0","0"
232,"State Representative District 40 (Vote For 1)","Bill Gustoff","REP",0,0.00,0,0,1,0,"0","0"
233,"State Representative District 40 (Vote For 1)","MacKenzie Bills","DEM",0,0.00,0,0,1,0,"0","0"
234,"State Representative District 40 (Vote For 1)","Jeni Kadel","LIB",0,0.00,0,0,1,0,"0","0"
235,"State Representative District 40 (Vote For 1)","Write-in","",0,0.00,0,0,1,0,"0","0"
236,"State Representative District 41 (Vote For 1)","Marvis Landon","REP",0,0.00,0,0,1,0,"0","0"
237,"State Representative District 41 (Vote For 1)","Molly Buck","DEM",0,0.00,0,0,1,0,"0","0"
238,"State Representative District 41 (Vote For 1)","Write-in","",0,0.00,0,0,1,0,"0","0"
239,"State Representative District 42 (Vote For 1)","Garrett Gobble","REP",0,0.00,0,0,1,0,"0","0"
240,"State Representative District 42 (Vote For 1)","Heather Matson","DEM",0,0.00,0,0,1,0,"0","0"
241,"State Representative District 42 (Vote For 1)","Write-in","",0,0.00,0,0,1,0,"0","0"
242,"State Representative District 43 (Vote For 1)","Eddie Andrews","REP",0,0.00,0,0,1,0,"0","0"
243,"State Representative District 43 (Vote For 1)","Suresh Reddy","DEM",0,0.00,0,0,1,0,"0","0"
244,"State Representative District 43 (Vote For 1)","Write-in","",0,0.00,0,0,1,0,"0","0"
245,"State Representative District 44 (Vote For 1)","John Forbes","DEM",0,0.00,0,0,1,0,"0","0"
246,"State Representative District 44 (Vote For 1)","Write-in","",0,0.00,0,0,1,0,"0","0"
247,"State Representative District 45 (Vote For 1)","Brian K. Lohse","REP",0,0.00,0,0,1,0,"0","0"
248,"State Representative District 45 (Vote For 1)","Write-in","",0,0.00,0,0,1,0,"0","0"
249,"State Representative District 46 (Vote For 1)","Dan Gehlbach","REP",0,0.00,0,0,2,0,"0","0"
250,"State Representative District 46 (Vote For 1)","Bridget Carberry Montgomery","DEM",0,0.00,0,0,2,0,"0","0"
251,"State Representative District 46 (Vote For 1)","Write-in","",0,0.00,0,0,2,0,"0","0"
252,"State Representative District 47 (Vote For 1)","Carter Nordman","REP",0,0.00,0,0,3,0,"0","0"
253,"State Representative District 47 (Vote For 1)","Gary Clayton Overla","DEM",0,0.00,0,0,3,0,"0","0"
254,"State Representative District 47 (Vote For 1)","Write-in","",0,0.00,0,0,3,0,"0","0"
255,"State Representative District 48 (Vote For 1)","Phil Thompson","REP",0,0.00,0,0,2,0,"0","0"
256,"State Representative District 48 (Vote For 1)","Penny Vossler","DEM",0,0.00,0,0,2,0,"0","0"
257,"State Representative District 48 (Vote For 1)","Luke Barnes","",0,0.00,0,0,2,0,"0","0"
258,"State Representative District 48 (Vote For 1)","Write-in","",0,0.00,0,0,2,0,"0","0"
259,"State Representative District 49 (Vote For 1)","Beth Wessel-Kroeschell","DEM",0,0.00,0,0,1,0,"0","0"
260,"State Representative District 49 (Vote For 1)","Write-in","",0,0.00,0,0,1,0,"0","0"
261,"State Representative District 50 (Vote For 1)","Ross Wilburn","DEM",0,0.00,0,0,1,0,"0","0"
262,"State Representative District 50 (Vote For 1)","Write-in","",0,0.00,0,0,1,0,"0","0"
263,"State Representative District 51 (Vote For 1)","Dave Deyoe","REP",0,0.00,0,0,2,0,"0","0"
264,"State Representative District 51 (Vote For 1)","Joshua Herbert","LIB",0,0.00,0,0,2,0,"0","0"
265,"State Representative District 51 (Vote For 1)","Write-in","",0,0.00,0,0,2,0,"0","0"
266,"State Representative District 52 (Vote For 1)","Sue Cahill","DEM",0,0.00,0,0,1,0,"0","0"
267,"State Representative District 52 (Vote For 1)","Write-in","",0,0.00,0,0,1,0,"0","0"
268,"State Representative District 53 (Vote For 1)","Dean Fisher","REP",0,0.00,0,0,2,0,"0","0"
269,"State Representative District 53 (Vote For 1)","Sarah Smith","DEM",0,0.00,0,0,2,0,"0","0"
270,"State Representative District 53 (Vote For 1)","Write-in","",0,0.00,0,0,2,0,"0","0"
271,"State Representative District 54 (Vote For 1)","Joshua Meggers","REP",0,0.00,0,0,3,0,"0","0"
272,"State Representative District 54 (Vote For 1)","Write-in","",0,0.00,0,0,3,0,"0","0"
273,"State Representative District 55 (Vote For 1)","Shannon Latham","REP",0,0.00,0,0,4,0,"0","0"
274,"State Representative District 55 (Vote For 1)","Write-in","",0,0.00,0,0,4,0,"0","0"
275,"State Representative District 56 (Vote For 1)","Mark Thompson","REP",0,0.00,0,0,3,0,"0","0"
276,"State Representative District 56 (Vote For 1)","Charles Aldrich","LIB",0,0.00,0,0,3,0,"0","0"
277,"State Representative District 56 (Vote For 1)","Write-in","",0,0.00,0,0,3,0,"0","0"
278,"State Representative District 57 (Vote For 1)","Pat Grassley","REP",0,0.00,0,0,2,0,"0","0"
279,"State Representative District 57 (Vote For 1)","Carissa Froyum","DEM",0,0.00,0,0,2,0,"0","0"
280,"State Representative District 57 (Vote For 1)","Write-in","",0,0.00,0,0,2,0,"0","0"
281,"State Representative District 58 (Vote For 1)","Charley Thomson","REP",0,0.00,0,0,3,0,"0","0"
282,"State Representative District 58 (Vote For 1)","Den� Lundberg","DEM",0,0.00,0,0,3,0,"0","0"
283,"State Representative District 58 (Vote For 1)","Write-in","",0,0.00,0,0,3,0,"0","0"
284,"State Representative District 59 (Vote For 1)","Doug Campbell","REP",0,0.00,0,0,1,0,"0","0"
285,"State Representative District 59 (Vote For 1)","Sharon Steckman","DEM",0,0.00,0,0,1,0,"0","0"
286,"State Representative District 59 (Vote For 1)","Write-in","",0,0.00,0,0,1,0,"0","0"
287,"State Representative District 60 (Vote For 1)","Jane Bloomingdale","REP",0,0.00,0,0,4,0,"0","0"
288,"State Representative District 60 (Vote For 1)","Write-in","",0,0.00,0,0,4,0,"0","0"
289,"State Representative District 61 (Vote For 1)","Timi Brown-Powers","DEM",0,0.00,0,0,1,0,"0","0"
290,"State Representative District 61 (Vote For 1)","John Bothwell","LIB",0,0.00,0,0,1,0,"0","0"
291,"State Representative District 61 (Vote For 1)","Write-in","",0,0.00,0,0,1,0,"0","0"
292,"State Representative District 62 (Vote For 1)","Jerome Amos Jr.","DEM",0,0.00,0,0,1,0,"0","0"
293,"State Representative District 62 (Vote For 1)","Write-in","",0,0.00,0,0,1,0,"0","0"
294,"State Representative District 63 (Vote For 1)","Michael R. Bergan","REP",0,0.00,12908,0,3,0,"0","0"
295,"State Representative District 63 (Vote For 1)","Tim Lecander","DEM",0,0.00,12908,0,3,0,"0","0"
296,"State Representative District 63 (Vote For 1)","Write-in","",0,0.00,12908,0,3,0,"0","0"
297,"State Representative District 64 (Vote For 1)","Anne Osmundson","REP",0,0.00,0,0,3,0,"0","0"
298,"State Representative District 64 (Vote For 1)","Brian Bruening","DEM",0,0.00,0,0,3,0,"0","0"
299,"State Representative District 64 (Vote For 1)","Write-in","",0,0.00,0,0,3,0,"0","0"
300,"State Representative District 65 (Vote For 1)","Shannon Lundgren","REP",0,0.00,0,0,1,0,"0","0"
301,"State Representative District 65 (Vote For 1)","Write-in","",0,0.00,0,0,1,0,"0","0"
302,"State Representative District 66 (Vote For 1)","Steven P. Bradley","REP",0,0.00,0,0,2,0,"0","0"
303,"State Representative District 66 (Vote For 1)","Tony Amsler","DEM",0,0.00,0,0,2,0,"0","0"
304,"State Representative District 66 (Vote For 1)","Write-in","",0,0.00,0,0,2,0,"0","0"
305,"State Representative District 67 (Vote For 1)","Craig Johnson","REP",0,0.00,7448,0,3,0,"0","0"
306,"State Representative District 67 (Vote For 1)","Terry McGovern","DEM",0,0.00,7448,0,3,0,"0","0"
307,"State Representative District 67 (Vote For 1)","Write-in","",0,0.00,7448,0,3,0,"0","0"
308,"State Representative District 68 (Vote For 1)","Chad Ingels","REP",0,0.00,4755,0,3,0,"0","0"
309,"State Representative District 68 (Vote For 1)","Write-in","",0,0.00,4755,0,3,0,"0","0"
310,"State Representative District 69 (Vote For 1)","Tom Determann","REP",0,0.00,0,0,1,0,"0","0"
311,"State Representative District 69 (Vote For 1)","Jennifer Hansen","DEM",0,0.00,0,0,1,0,"0","0"
312,"State Representative District 69 (Vote For 1)","Write-in","",0,0.00,0,0,1,0,"0","0"
313,"State Representative District 70 (Vote For 1)","Norlin Mommsen","REP",0,0.00,0,0,3,0,"0","0"
314,"State Representative District 70 (Vote For 1)","Kay Pence","DEM",0,0.00,0,0,3,0,"0","0"
315,"State Representative District 70 (Vote For 1)","Write-in","",0,0.00,0,0,3,0,"0","0"
316,"State Representative District 71 (Vote For 1)","Lindsay James","DEM",0,0.00,0,0,1,0,"0","0"
317,"State Representative District 71 (Vote For 1)","Sean Schriver","LIB",0,0.00,0,0,1,0,"0","0"
318,"State Representative District 71 (Vote For 1)","Write-in","",0,0.00,0,0,1,0,"0","0"
319,"State Representative District 72 (Vote For 1)","Jennifer Smith","REP",0,0.00,0,0,1,0,"0","0"
320,"State Representative District 72 (Vote For 1)","Charles Isenhart","DEM",0,0.00,0,0,1,0,"0","0"
321,"State Representative District 72 (Vote For 1)","Write-in","",0,0.00,0,0,1,0,"0","0"
322,"State Representative District 73 (Vote For 1)","Susie Weinacht","REP",0,0.00,23208,0,1,0,"0","0"
323,"State Representative District 73 (Vote For 1)","Elizabeth Wilson","DEM",0,0.00,23208,0,1,0,"0","0"
324,"State Representative District 73 (Vote For 1)","Write-in","",0,0.00,23208,0,1,0,"0","0"
325,"State Representative District 74 (Vote For 1)","Eric Gjerde","DEM",0,0.00,22150,0,1,0,"0","0"
326,"State Representative District 74 (Vote For 1)","Write-in","",0,0.00,22150,0,1,0,"0","0"
327,"State Representative District 75 (Vote For 1)","Bob Kressig","DEM",0,0.00,0,0,1,0,"0","0"
328,"State Representative District 75 (Vote For 1)","Write-in","",0,0.00,0,0,1,0,"0","0"
329,"State Representative District 76 (Vote For 1)","Derek Wulf","REP",0,0.00,0,0,3,0,"0","0"
330,"State Representative District 76 (Vote For 1)","Kate Wyatt","DEM",0,0.00,0,0,3,0,"0","0"
331,"State Representative District 76 (Vote For 1)","Write-in","",0,0.00,0,0,3,0,"0","0"
332,"State Representative District 77 (Vote For 1)","Jeff Cooling","DEM",0,0.00,19598,0,1,0,"0","0"
333,"State Representative District 77 (Vote For 1)","Write-in","",0,0.00,19598,0,1,0,"0","0"
334,"State Representative District 78 (Vote For 1)","Anne Fairchild","REP",0,0.00,21561,0,1,0,"0","0"
335,"State Representative District 78 (Vote For 1)","Sami Scheetz","DEM",0,0.00,21561,0,1,0,"0","0"
336,"State Representative District 78 (Vote For 1)","Write-in","",0,0.00,21561,0,1,0,"0","0"
337,"State Representative District 79 (Vote For 1)","Tracy Ehlert","DEM",0,0.00,21589,0,1,0,"0","0"
338,"State Representative District 79 (Vote For 1)","Write-in","",0,0.00,21589,0,1,0,"0","0"
339,"State Representative District 80 (Vote For 1)","Barrett Hubbard","REP",0,0.00,23203,0,1,0,"0","0"
340,"State Representative District 80 (Vote For 1)","Art Staed","DEM",0,0.00,23203,0,1,0,"0","0"
341,"State Representative District 80 (Vote For 1)","Write-in","",0,0.00,23203,0,1,0,"0","0"
342,"State Representative District 81 (Vote For 1)","Luana Stoltenberg","REP",0,0.00,0,0,1,0,"0","0"
343,"State Representative District 81 (Vote For 1)","Craig Lynn Cooper","DEM",0,0.00,0,0,1,0,"0","0"
344,"State Representative District 81 (Vote For 1)","Write-in","",0,0.00,0,0,1,0,"0","0"
345,"State Representative District 82 (Vote For 1)","Bobby Kaufmann","REP",0,0.00,0,0,3,0,"0","0"
346,"State Representative District 82 (Vote For 1)","Clyde Gibson","LIB",0,0.00,0,0,3,0,"0","0"
347,"State Representative District 82 (Vote For 1)","Write-in","",0,0.00,0,0,3,0,"0","0"
348,"State Representative District 83 (Vote For 1)","Cindy Golding","REP",0,0.00,35427,0,1,0,"0","0"
349,"State Representative District 83 (Vote For 1)","Kris Nall","DEM",0,0.00,35427,0,1,0,"0","0"
350,"State Representative District 83 (Vote For 1)","Write-in","",0,0.00,35427,0,1,0,"0","0"
351,"State Representative District 84 (Vote For 1)","Thomas D. Gerhold","REP",0,0.00,10045,0,2,0,"0","0"
352,"State Representative District 84 (Vote For 1)","Sara Yedlik","DEM",0,0.00,10045,0,2,0,"0","0"
353,"State Representative District 84 (Vote For 1)","Write-in","",0,0.00,10045,0,2,0,"0","0"
354,"State Representative District 85 (Vote For 1)","Wayne Grell","REP",0,0.00,0,0,1,0,"0","0"
355,"State Representative District 85 (Vote For 1)","Amy Nielsen","DEM",0,0.00,0,0,1,0,"0","0"
356,"State Representative District 85 (Vote For 1)","Jacob Wenck","LIB",0,0.00,0,0,1,0,"0","0"
357,"State Representative District 85 (Vote For 1)","Write-in","",0,0.00,0,0,1,0,"0","0"
358,"State Representative District 86 (Vote For 1)","Dave Jacoby","DEM",0,0.00,0,0,1,0,"0","0"
359,"State Representative District 86 (Vote For 1)","Write-in","",0,0.00,0,0,1,0,"0","0"
360,"State Representative District 87 (Vote For 1)","Jeff Shipley","REP",0,0.00,0,0,3,0,"0","0"
361,"State Representative District 87 (Vote For 1)","Mike Heaton","DEM",0,0.00,0,0,3,0,"0","0"
362,"State Representative District 87 (Vote For 1)","Write-in","",0,0.00,0,0,3,0,"0","0"
363,"State Representative District 88 (Vote For 1)","Helena J. Hayes","REP",0,0.00,0,0,3,0,"0","0"
364,"State Representative District 88 (Vote For 1)","Lisa Ossian","DEM",0,0.00,0,0,3,0,"0","0"
365,"State Representative District 88 (Vote For 1)","Write-in","",0,0.00,0,0,3,0,"0","0"
366,"State Representative District 89 (Vote For 1)","Jacob Onken","REP",0,0.00,0,0,1,0,"0","0"
367,"State Representative District 89 (Vote For 1)","Elinor A. Levin","DEM",0,0.00,0,0,1,0,"0","0"
368,"State Representative District 89 (Vote For 1)","Write-in","",0,0.00,0,0,1,0,"0","0"
369,"State Representative District 90 (Vote For 1)","Adam Zabner","DEM",0,0.00,0,0,1,0,"0","0"
370,"State Representative District 90 (Vote For 1)","Write-in","",0,0.00,0,0,1,0,"0","0"
371,"State Representative District 91 (Vote For 1)","Brad Sherman","REP",0,0.00,0,0,2,0,"0","0"
372,"State Representative District 91 (Vote For 1)","Elle Wyant","DEM",0,0.00,0,0,2,0,"0","0"
373,"State Representative District 91 (Vote For 1)","Write-in","",0,0.00,0,0,2,0,"0","0"
374,"State Representative District 92 (Vote For 1)","Heather Hora","REP",0,0.00,0,0,2,0,"0","0"
375,"State Representative District 92 (Vote For 1)","Eileen Beran","DEM",0,0.00,0,0,2,0,"0","0"
376,"State Representative District 92 (Vote For 1)","Write-in","",0,0.00,0,0,2,0,"0","0"
377,"State Representative District 93 (Vote For 1)","Gary Mohr","REP",0,0.00,0,0,1,0,"0","0"
378,"State Representative District 93 (Vote For 1)","Ryan Carstensen","DEM",0,0.00,0,0,1,0,"0","0"
379,"State Representative District 93 (Vote For 1)","Write-in","",0,0.00,0,0,1,0,"0","0"
380,"State Representative District 94 (Vote For 1)","Mike Vondran","REP",0,0.00,0,0,1,0,"0","0"
381,"State Representative District 94 (Vote For 1)","Phyllis Thede","DEM",0,0.00,0,0,1,0,"0","0"
382,"State Representative District 94 (Vote For 1)","Write-in","",0,0.00,0,0,1,0,"0","0"
383,"State Representative District 95 (Vote For 1)","Taylor Collins","REP",0,0.00,0,0,4,0,"0","0"
384,"State Representative District 95 (Vote For 1)","Write-in","",0,0.00,0,0,4,0,"0","0"
385,"State Representative District 96 (Vote For 1)","Mark Cisneros","REP",0,0.00,0,0,1,0,"0","0"
386,"State Representative District 96 (Vote For 1)","Michelle D. Servadio Elias","DEM",0,0.00,0,0,1,0,"0","0"
387,"State Representative District 96 (Vote For 1)","Write-in","",0,0.00,0,0,1,0,"0","0"
388,"State Representative District 97 (Vote For 1)","Ken Croken","DEM",0,0.00,0,0,1,0,"0","0"
389,"State Representative District 97 (Vote For 1)","Andrew Onsgard","LIB",0,0.00,0,0,1,0,"0","0"
390,"State Representative District 97 (Vote For 1)","Write-in","",0,0.00,0,0,1,0,"0","0"
391,"State Representative District 98 (Vote For 1)","Monica Kurth","DEM",0,0.00,0,0,1,0,"0","0"
392,"State Representative District 98 (Vote For 1)","Write-in","",0,0.00,0,0,1,0,"0","0"
393,"State Representative District 99 (Vote For 1)","Matthew Rinker","REP",0,0.00,0,0,2,0,"0","0"
394,"State Representative District 99 (Vote For 1)","Dennis M. Cohoon","DEM",0,0.00,0,0,2,0,"0","0"
395,"State Representative District 99 (Vote For 1)","Write-in","",0,0.00,0,0,2,0,"0","0"
396,"State Representative District 100 (Vote For 1)","Martin L. Graber","REP",0,0.00,0,0,1,0,"0","0"
397,"State Representative District 100 (Vote For 1)","Rebecca Bowker","DEM",0,0.00,0,0,1,0,"0","0"
398,"State Representative District 100 (Vote For 1)","Write-in","",0,0.00,0,0,1,0,"0","0"
399,"Constitutional Amendment 1 (Vote For 1)","Yes","",0,0.00,241075,0,99,0,"0","0"
400,"Constitutional Amendment 1 (Vote For 1)","No","",0,0.00,241075,0,99,0,"0","0"
401,"Supreme Court Justice - Matthew McDermott (Vote For 1)","Yes","",0,0.00,241075,0,99,0,"0","0"
402,"Supreme Court Justice - Matthew McDermott (Vote For 1)","No","",0,0.00,241075,0,99,0,"0","0"
403,"Supreme Court Justice - Dana L. Oxley (Vote For 1)","Yes","",0,0.00,241075,0,99,0,"0","0"
404,"Supreme Court Justice - Dana L. Oxley (Vote For 1)","No","",0,0.00,241075,0,99,0,"0","0"
405,"Court of Appeals Judge - Paul B. Ahlers (Vote For 1)","Yes","",0,0.00,241075,0,99,0,"0","0"
406,"Court of Appeals Judge - Paul B. Ahlers (Vote For 1)","No","",0,0.00,241075,0,99,0,"0","0"
407,"Court of Appeals Judge - Gina Badding (Vote For 1)","Yes","",0,0.00,241075,0,99,0,"0","0"
408,"Court of Appeals Judge - Gina Badding (Vote For 1)","No","",0,0.00,241075,0,99,0,"0","0"
409,"District 1A Judge - Laura J. Parrish (Vote For 1)","Yes","",0,0.00,12908,0,5,0,"0","0"
410,"District 1A Judge - Laura J. Parrish (Vote For 1)","No","",0,0.00,12908,0,5,0,"0","0"
411,"District 1A Judge - Michael J. Shubatt (Vote For 1)","Yes","",0,0.00,12908,0,5,0,"0","0"
412,"District 1A Judge - Michael J. Shubatt (Vote For 1)","No","",0,0.00,12908,0,5,0,"0","0"
413,"District 1B Judge -  Melissa A. Anderson-Seeber (Vote For 1)","Yes","",0,0.00,12203,0,6,0,"0","0"
414,"District 1B Judge -  Melissa A. Anderson-Seeber (Vote For 1)","No","",0,0.00,12203,0,6,0,"0","0"
415,"District 1B Judge -  Linda Myers Fangman (Vote For 1)","Yes","",0,0.00,12203,0,6,0,"0","0"
416,"District 1B Judge -  Linda Myers Fangman (Vote For 1)","No","",0,0.00,12203,0,6,0,"0","0"
417,"District 1B Judge -  David P. Odekirk (Vote For 1)","Yes","",0,0.00,12203,0,6,0,"0","0"
418,"District 1B Judge -  David P. Odekirk (Vote For 1)","No","",0,0.00,12203,0,6,0,"0","0"
419,"District 1B Judge -  Richard D. Stochl (Vote For 1)","Yes","",0,0.00,12203,0,6,0,"0","0"
420,"District 1B Judge -  Richard D. Stochl (Vote For 1)","No","",0,0.00,12203,0,6,0,"0","0"
421,"District 1B Associate Judge -  Michelle M. Wagner (Vote For 1)","Yes","",0,0.00,12203,0,6,0,"0","0"
422,"District 1B Associate Judge -  Michelle M. Wagner (Vote For 1)","No","",0,0.00,12203,0,6,0,"0","0"
423,"District 1B Associate Juvenile Judge -  Daniel L. Block (Vote For 1)","Yes","",0,0.00,12203,0,6,0,"0","0"
424,"District 1B Associate Juvenile Judge -  Daniel L. Block (Vote For 1)","No","",0,0.00,12203,0,6,0,"0","0"
425,"District 2A Associate Judge - Peter B. Newell (Vote For 1)","Yes","",0,0.00,0,0,9,0,"0","0"
426,"District 2A Associate Judge - Peter B. Newell (Vote For 1)","No","",0,0.00,0,0,9,0,"0","0"
427,"District 2B Judge -  John R. Flynn (Vote For 1)","Yes","",0,0.00,0,0,13,0,"0","0"
428,"District 2B Judge -  John R. Flynn (Vote For 1)","No","",0,0.00,0,0,13,0,"0","0"
429,"District 2B Judge -  John J. Haney (Vote For 1)","Yes","",0,0.00,0,0,13,0,"0","0"
430,"District 2B Judge -  John J. Haney (Vote For 1)","No","",0,0.00,0,0,13,0,"0","0"
431,"District 2B Judge -  Jennifer A. Miller (Vote For 1)","Yes","",0,0.00,0,0,13,0,"0","0"
432,"District 2B Judge -  Jennifer A. Miller (Vote For 1)","No","",0,0.00,0,0,13,0,"0","0"
433,"District 2B Associate Judge -  Steven Van Marel (Vote For 1)","Yes","",0,0.00,0,0,13,0,"0","0"
434,"District 2B Associate Judge -  Steven Van Marel (Vote For 1)","No","",0,0.00,0,0,13,0,"0","0"
435,"District 3A Judge - Shayne L. Mayer (Vote For 1)","Yes","",0,0.00,8658,0,10,0,"0","0"
436,"District 3A Judge - Shayne L. Mayer (Vote For 1)","No","",0,0.00,8658,0,10,0,"0","0"
437,"District 3A Judge - John M. Sandy (Vote For 1)","Yes","",0,0.00,8658,0,10,0,"0","0"
438,"District 3A Judge - John M. Sandy (Vote For 1)","No","",0,0.00,8658,0,10,0,"0","0"
439,"District 3A Associate Judge -  Shawna Ditsworth (Vote For 1)","Yes","",0,0.00,8658,0,10,0,"0","0"
440,"District 3A Associate Judge -  Shawna Ditsworth (Vote For 1)","No","",0,0.00,8658,0,10,0,"0","0"
441,"District 3A Associate Judge -  Ann M. Gales (Vote For 1)","Yes","",0,0.00,8658,0,10,0,"0","0"
442,"District 3A Associate Judge -  Ann M. Gales (Vote For 1)","No","",0,0.00,8658,0,10,0,"0","0"
443,"District 3B Judge -  Steven Andreasen (Vote For 1)","Yes","",0,0.00,0,0,6,0,"0","0"
444,"District 3B Judge -  Steven Andreasen (Vote For 1)","No","",0,0.00,0,0,6,0,"0","0"
445,"District 3B Judge -  James N. Daane (Vote For 1)","Yes","",0,0.00,0,0,6,0,"0","0"
446,"District 3B Judge -  James N. Daane (Vote For 1)","No","",0,0.00,0,0,6,0,"0","0"
447,"District 3B Judge -  Jeffrey A. Neary (Vote For 1)","Yes","",0,0.00,0,0,6,0,"0","0"
448,"District 3B Judge -  Jeffrey A. Neary (Vote For 1)","No","",0,0.00,0,0,6,0,"0","0"
449,"District 3B Judge -  Roger L. Sailer (Vote For 1)","Yes","",0,0.00,0,0,6,0,"0","0"
450,"District 3B Judge -  Roger L. Sailer (Vote For 1)","No","",0,0.00,0,0,6,0,"0","0"
451,"District 3B Judge -  Patrick H. Tott (Vote For 1)","Yes","",0,0.00,0,0,6,0,"0","0"
452,"District 3B Judge -  Patrick H. Tott (Vote For 1)","No","",0,0.00,0,0,6,0,"0","0"
453,"District 3B Associate Judge -  Kristal L. Phillips (Vote For 1)","Yes","",0,0.00,0,0,6,0,"0","0"
454,"District 3B Associate Judge -  Kristal L. Phillips (Vote For 1)","No","",0,0.00,0,0,6,0,"0","0"
455,"District 4 Judge -  Richard H. Davidson (Vote For 1)","Yes","",0,0.00,7420,0,9,0,"0","0"
456,"District 4 Judge -  Richard H. Davidson (Vote For 1)","No","",0,0.00,7420,0,9,0,"0","0"
457,"District 4 Judge -  Kathleen A. Kilnoski (Vote For 1)","Yes","",0,0.00,7420,0,9,0,"0","0"
458,"District 4 Judge -  Kathleen A. Kilnoski (Vote For 1)","No","",0,0.00,7420,0,9,0,"0","0"
459,"District 4 Judge -  Jeffrey L. Larson (Vote For 1)","Yes","",0,0.00,7420,0,9,0,"0","0"
460,"District 4 Judge -  Jeffrey L. Larson (Vote For 1)","No","",0,0.00,7420,0,9,0,"0","0"
461,"District 4 Associate Judge -  Charles D. Fagan (Vote For 1)","Yes","",0,0.00,7420,0,9,0,"0","0"
462,"District 4 Associate Judge -  Charles D. Fagan (Vote For 1)","No","",0,0.00,7420,0,9,0,"0","0"
463,"District 5A Judge - Stacy Ritchie (Vote For 1)","Yes","",0,0.00,38735,0,6,0,"0","0"
464,"District 5A Judge - Stacy Ritchie (Vote For 1)","No","",0,0.00,38735,0,6,0,"0","0"
465,"District 5A Associate Judge -  Erica Crisp (Vote For 1)","Yes","",0,0.00,38735,0,6,0,"0","0"
466,"District 5A Associate Judge -  Erica Crisp (Vote For 1)","No","",0,0.00,38735,0,6,0,"0","0"
467,"District 5B Judge -  Dustria Relph (Vote For 1)","Yes","",0,0.00,0,0,9,0,"0","0"
468,"District 5B Judge -  Dustria Relph (Vote For 1)","No","",0,0.00,0,0,9,0,"0","0"
469,"District 5C Judge -  Jeffrey D. Farrell (Vote For 1)","Yes","",0,0.00,0,0,1,0,"0","0"
470,"District 5C Judge -  Jeffrey D. Farrell (Vote For 1)","No","",0,0.00,0,0,1,0,"0","0"
471,"District 5C Judge -  Robert B. Hanson (Vote For 1)","Yes","",0,0.00,0,0,1,0,"0","0"
472,"District 5C Judge -  Robert B. Hanson (Vote For 1)","No","",0,0.00,0,0,1,0,"0","0"
473,"District 5C Judge -  William P. Kelly (Vote For 1)","Yes","",0,0.00,0,0,1,0,"0","0"
474,"District 5C Judge -  William P. Kelly (Vote For 1)","No","",0,0.00,0,0,1,0,"0","0"
475,"District 5C Judge -  David Porter (Vote For 1)","Yes","",0,0.00,0,0,1,0,"0","0"
476,"District 5C Judge -  David Porter (Vote For 1)","No","",0,0.00,0,0,1,0,"0","0"
477,"District 5C Judge -  Scott D. Rosenberg (Vote For 1)","Yes","",0,0.00,0,0,1,0,"0","0"
478,"District 5C Judge -  Scott D. Rosenberg (Vote For 1)","No","",0,0.00,0,0,1,0,"0","0"
479,"District 5C Judge -  Paul D. Scott (Vote For 1)","Yes","",0,0.00,0,0,1,0,"0","0"
480,"District 5C Judge -  Paul D. Scott (Vote For 1)","No","",0,0.00,0,0,1,0,"0","0"
481,"District 5C Judge -  Jeanie K. Vaudt (Vote For 1)","Yes","",0,0.00,0,0,1,0,"0","0"
482,"District 5C Judge -  Jeanie K. Vaudt (Vote For 1)","No","",0,0.00,0,0,1,0,"0","0"
483,"District 5C Associate Judge -  Susan Cox (Vote For 1)","Yes","",0,0.00,0,0,1,0,"0","0"
484,"District 5C Associate Judge -  Susan Cox (Vote For 1)","No","",0,0.00,0,0,1,0,"0","0"
485,"District 5C Associate Judge -  Cynthia Moisan (Vote For 1)","Yes","",0,0.00,0,0,1,0,"0","0"
486,"District 5C Associate Judge -  Cynthia Moisan (Vote For 1)","No","",0,0.00,0,0,1,0,"0","0"
487,"District 5C Associate Judge -  Brent Pattison (Vote For 1)","Yes","",0,0.00,0,0,1,0,"0","0"
488,"District 5C Associate Judge -  Brent Pattison (Vote For 1)","No","",0,0.00,0,0,1,0,"0","0"
489,"District 5C Associate Judge -  Jesse T. Ramirez (Vote For 1)","Yes","",0,0.00,0,0,1,0,"0","0"
490,"District 5C Associate Judge -  Jesse T. Ramirez (Vote For 1)","No","",0,0.00,0,0,1,0,"0","0"
491,"District 5C Associate Judge -  Kimberly Rodgers Smith (Vote For 1)","Yes","",0,0.00,0,0,1,0,"0","0"
492,"District 5C Associate Judge -  Kimberly Rodgers Smith (Vote For 1)","No","",0,0.00,0,0,1,0,"0","0"
493,"District 6 Judge -  Lars G. Anderson (Vote For 1)","Yes","",0,0.00,161151,0,6,0,"0","0"
494,"District 6 Judge -  Lars G. Anderson (Vote For 1)","No","",0,0.00,161151,0,6,0,"0","0"
495,"District 6 Judge -  Christopher Bruns (Vote For 1)","Yes","",0,0.00,161151,0,6,0,"0","0"
496,"District 6 Judge -  Christopher Bruns (Vote For 1)","No","",0,0.00,161151,0,6,0,"0","0"
497,"District 6 Judge -  Valerie L. Clay (Vote For 1)","Yes","",0,0.00,161151,0,6,0,"0","0"
498,"District 6 Judge -  Valerie L. Clay (Vote For 1)","No","",0,0.00,161151,0,6,0,"0","0"
499,"District 6 Judge -  Chad A. Kepros (Vote For 1)","Yes","",0,0.00,161151,0,6,0,"0","0"
500,"District 6 Judge -  Chad A. Kepros (Vote For 1)","No","",0,0.00,161151,0,6,0,"0","0"
501,"District 6 Judge -  Justin A. Lightfoot (Vote For 1)","Yes","",0,0.00,161151,0,6,0,"0","0"
502,"District 6 Judge -  Justin A. Lightfoot (Vote For 1)","No","",0,0.00,161151,0,6,0,"0","0"
503,"District 6 Judge -  Kevin McKeever (Vote For 1)","Yes","",0,0.00,161151,0,6,0,"0","0"
504,"District 6 Judge -  Kevin McKeever (Vote For 1)","No","",0,0.00,161151,0,6,0,"0","0"
505,"District 6 Judge -  Sean W. McPartland (Vote For 1)","Yes","",0,0.00,161151,0,6,0,"0","0"
506,"District 6 Judge -  Sean W. McPartland (Vote For 1)","No","",0,0.00,161151,0,6,0,"0","0"
507,"District 6 Judge -  Ian K. Thornhill (Vote For 1)","Yes","",0,0.00,161151,0,6,0,"0","0"
508,"District 6 Judge -  Ian K. Thornhill (Vote For 1)","No","",0,0.00,161151,0,6,0,"0","0"
509,"District 6 Associate Judge -  Carrie K. Bryner (Vote For 1)","Yes","",0,0.00,161151,0,6,0,"0","0"
510,"District 6 Associate Judge -  Carrie K. Bryner (Vote For 1)","No","",0,0.00,161151,0,6,0,"0","0"
511,"District 6 Associate Judge -  Jason A. Burns (Vote For 1)","Yes","",0,0.00,161151,0,6,0,"0","0"
512,"District 6 Associate Judge -  Jason A. Burns (Vote For 1)","No","",0,0.00,161151,0,6,0,"0","0"
513,"District 6 Associate Judge -  Heidi A. Carmer (Vote For 1)","Yes","",0,0.00,161151,0,6,0,"0","0"
514,"District 6 Associate Judge -  Heidi A. Carmer (Vote For 1)","No","",0,0.00,161151,0,6,0,"0","0"
515,"District 7 Judge -  Jeffrey D. Bert (Vote For 1)","Yes","",0,0.00,0,0,5,0,"0","0"
516,"District 7 Judge -  Jeffrey D. Bert (Vote For 1)","No","",0,0.00,0,0,5,0,"0","0"
517,"District 7 Judge -  Meghan Corbin (Vote For 1)","Yes","",0,0.00,0,0,5,0,"0","0"
518,"District 7 Judge -  Meghan Corbin (Vote For 1)","No","",0,0.00,0,0,5,0,"0","0"
519,"District 7 Judge -  Stuart P. Werling (Vote For 1)","Yes","",0,0.00,0,0,5,0,"0","0"
520,"District 7 Judge -  Stuart P. Werling (Vote For 1)","No","",0,0.00,0,0,5,0,"0","0"
521,"District 7 Associate Judge -  Michael E. Motto (Vote For 1)","Yes","",0,0.00,0,0,5,0,"0","0"
522,"District 7 Associate Judge -  Michael E. Motto (Vote For 1)","No","",0,0.00,0,0,5,0,"0","0"
523,"District 7 Associate Judge -  Kimberly Shepherd (Vote For 1)","Yes","",0,0.00,0,0,5,0,"0","0"
524,"District 7 Associate Judge -  Kimberly Shepherd (Vote For 1)","No","",0,0.00,0,0,5,0,"0","0"
525,"District 8A Judge - Joel D. Yates (Vote For 1)","Yes","",0,0.00,0,0,10,0,"0","0"
526,"District 8A Judge - Joel D. Yates (Vote For 1)","No","",0,0.00,0,0,10,0,"0","0"
527,"District 8A Associate Judge -  Kirk Arthur Daily (Vote For 1)","Yes","",0,0.00,0,0,10,0,"0","0"
528,"District 8A Associate Judge -  Kirk Arthur Daily (Vote For 1)","No","",0,0.00,0,0,10,0,"0","0"
529,"District 8A Associate Juvenile Judge -  William S. Owens (Vote For 1)","Yes","",0,0.00,0,0,10,0,"0","0"
530,"District 8A Associate Juvenile Judge -  William S. Owens (Vote For 1)","No","",0,0.00,0,0,10,0,"0","0"
